"Title","Temporary exclusions by ethnicity and local authority"
"Location","England"
"Time period","2016/17"
"Data source","Permanent and fixed-period exclusions in England: 2016 to 2017"
"Data source link","https://www.gov.uk/government/statistics/permanent-and-fixed-period-exclusions-in-england-2016-to-2017"
"Source","https://www.ethnicity-facts-figures.service.gov.uk"
"Last updated","19/07/2018"

"Ethnicity","Local authority","%"
"Asian","City of London","0.00"
"Asian","Camden","2.44"
"Asian","Greenwich","1.52"
"Asian","Hackney","2.16"
"Asian","Hammersmith and Fulham","3.51"
"Asian","Islington","1.46"
"Asian","Kensington and Chelsea","3.77"
"Asian","Lambeth","0.51"
"Asian","Lewisham","1.02"
"Asian","Southwark","1.18"
"Asian","Tower Hamlets","1.86"
"Asian","Wandsworth","0.77"
"Asian","Westminster","2.49"
"Asian","Barking and Dagenham","0.54"
"Asian","Barnet","1.17"
"Asian","Bexley","1.25"
"Asian","Brent","1.18"
"Asian","Bromley","0.38"
"Asian","Croydon","0.76"
"Asian","Ealing","1.22"
"Asian","Enfield","1.09"
"Asian","Haringey","1.39"
"Asian","Harrow","0.88"
"Asian","Havering","1.05"
"Asian","Hillingdon","0.94"
"Asian","Hounslow","0.97"
"Asian","Kingston upon Thames","0.82"
"Asian","Merton","0.74"
"Asian","Newham","1.72"
"Asian","Redbridge","1.65"
"Asian","Richmond upon Thames","1.29"
"Asian","Sutton","0.70"
"Asian","Waltham Forest","2.13"
"Asian","Birmingham","2.34"
"Asian","Coventry","1.12"
"Asian","Dudley","1.99"
"Asian","Sandwell","1.55"
"Asian","Solihull","2.41"
"Asian","Walsall","1.34"
"Asian","Wolverhampton","1.47"
"Asian","Knowsley","!"
"Asian","Liverpool","0.88"
"Asian","St. Helens","1.67"
"Asian","Sefton","1.20"
"Asian","Wirral","0.92"
"Asian","Bolton","1.51"
"Asian","Bury","1.92"
"Asian","Manchester","1.74"
"Asian","Oldham","2.79"
"Asian","Rochdale","1.67"
"Asian","Salford","0.99"
"Asian","Stockport","1.30"
"Asian","Tameside","2.90"
"Asian","Trafford","1.52"
"Asian","Wigan","2.65"
"Asian","Barnsley","0.00"
"Asian","Doncaster","5.50"
"Asian","Rotherham","4.97"
"Asian","Sheffield","2.70"
"Asian","Bradford","2.42"
"Asian","Calderdale","2.85"
"Asian","Kirklees","1.82"
"Asian","Leeds","2.98"
"Asian","Wakefield","2.11"
"Asian","Gateshead","4.05"
"Asian","Newcastle upon Tyne","1.21"
"Asian","North Tyneside","1.44"
"Asian","South Tyneside","1.32"
"Asian","Sunderland","0.37"
"Asian","Isles Of Scilly","N/A"
"Asian","Bath and North East Somerset","!"
"Asian","Bristol City of","2.06"
"Asian","North Somerset","1.90"
"Asian","South Gloucestershire","1.56"
"Asian","Hartlepool","1.10"
"Asian","Middlesbrough","3.66"
"Asian","Redcar and Cleveland","8.11"
"Asian","Stockton-on-Tees","2.58"
"Asian","Kingston upon Hull City of","1.75"
"Asian","East Riding of Yorkshire","0.00"
"Asian","North East Lincolnshire","!"
"Asian","North Lincolnshire","4.09"
"Asian","North Yorkshire","1.67"
"Asian","York","0.60"
"Asian","Luton","3.32"
"Asian","Bedford","2.35"
"Asian","Central Bedfordshire","2.16"
"Asian","Buckinghamshire","3.43"
"Asian","Milton Keynes","1.11"
"Asian","Derbyshire","2.25"
"Asian","Derby","2.25"
"Asian","Dorset","1.45"
"Asian","Poole","!"
"Asian","Bournemouth","0.91"
"Asian","Durham","1.54"
"Asian","Darlington","2.90"
"Asian","East Sussex","0.80"
"Asian","Brighton and Hove","0.98"
"Asian","Hampshire","0.71"
"Asian","Portsmouth","1.17"
"Asian","Southampton","1.11"
"Asian","Leicestershire","0.82"
"Asian","Leicester","1.15"
"Asian","Rutland","0.00"
"Asian","Staffordshire","2.66"
"Asian","Stoke-on-Trent","5.23"
"Asian","Wiltshire","0.61"
"Asian","Swindon","1.20"
"Asian","Bracknell Forest","1.02"
"Asian","Windsor and Maidenhead","3.01"
"Asian","West Berkshire","1.56"
"Asian","Reading","1.34"
"Asian","Slough","2.07"
"Asian","Wokingham","1.42"
"Asian","Cambridgeshire","1.01"
"Asian","Peterborough","2.32"
"Asian","Halton","0.00"
"Asian","Warrington","0.55"
"Asian","Devon","0.65"
"Asian","Plymouth","1.02"
"Asian","Torbay","!"
"Asian","Essex","1.07"
"Asian","Southend-on-Sea","1.61"
"Asian","Thurrock","0.84"
"Asian","Herefordshire","0.00"
"Asian","Worcestershire","2.27"
"Asian","Kent","0.92"
"Asian","Medway","0.54"
"Asian","Lancashire","2.41"
"Asian","Blackburn with Darwen","0.94"
"Asian","Blackpool","0.76"
"Asian","Nottinghamshire","1.54"
"Asian","Nottingham","2.39"
"Asian","Shropshire","0.00"
"Asian","Telford and Wrekin","5.12"
"Asian","Cheshire East","1.30"
"Asian","Cheshire West and Chester","!"
"Asian","Cornwall","!"
"Asian","Cumbria","0.69"
"Asian","Gloucestershire","1.04"
"Asian","Hertfordshire","1.45"
"Asian","Isle of Wight","0.00"
"Asian","Lincolnshire","0.92"
"Asian","Norfolk","0.83"
"Asian","Northamptonshire","1.48"
"Asian","Northumberland","1.23"
"Asian","Oxfordshire","2.06"
"Asian","Somerset","2.48"
"Asian","Suffolk","0.72"
"Asian","Surrey","1.37"
"Asian","Warwickshire","0.74"
"Asian","West Sussex","1.94"
"Black","City of London","0.00"
"Black","Camden","6.92"
"Black","Greenwich","5.78"
"Black","Hackney","8.65"
"Black","Hammersmith and Fulham","7.20"
"Black","Islington","6.25"
"Black","Kensington and Chelsea","8.49"
"Black","Lambeth","5.20"
"Black","Lewisham","7.06"
"Black","Southwark","5.07"
"Black","Tower Hamlets","3.51"
"Black","Wandsworth","5.57"
"Black","Westminster","8.45"
"Black","Barking and Dagenham","2.17"
"Black","Barnet","5.79"
"Black","Bexley","4.76"
"Black","Brent","7.84"
"Black","Bromley","3.10"
"Black","Croydon","6.06"
"Black","Ealing","5.98"
"Black","Enfield","7.64"
"Black","Haringey","6.08"
"Black","Harrow","5.78"
"Black","Havering","5.77"
"Black","Hillingdon","5.02"
"Black","Hounslow","6.94"
"Black","Kingston upon Thames","3.52"
"Black","Merton","4.75"
"Black","Newham","5.87"
"Black","Redbridge","6.98"
"Black","Richmond upon Thames","7.34"
"Black","Sutton","4.61"
"Black","Waltham Forest","7.33"
"Black","Birmingham","6.97"
"Black","Coventry","4.35"
"Black","Dudley","6.69"
"Black","Sandwell","6.76"
"Black","Solihull","10.31"
"Black","Walsall","3.82"
"Black","Wolverhampton","6.00"
"Black","Knowsley","3.05"
"Black","Liverpool","3.82"
"Black","St. Helens","6.42"
"Black","Sefton","!"
"Black","Wirral","2.35"
"Black","Bolton","3.21"
"Black","Bury","6.78"
"Black","Manchester","6.66"
"Black","Oldham","1.79"
"Black","Rochdale","2.69"
"Black","Salford","1.60"
"Black","Stockport","4.30"
"Black","Tameside","7.49"
"Black","Trafford","5.89"
"Black","Wigan","1.34"
"Black","Barnsley","8.73"
"Black","Doncaster","9.56"
"Black","Rotherham","3.32"
"Black","Sheffield","4.63"
"Black","Bradford","5.95"
"Black","Calderdale","3.38"
"Black","Kirklees","8.92"
"Black","Leeds","3.74"
"Black","Wakefield","3.43"
"Black","Gateshead","6.83"
"Black","Newcastle upon Tyne","1.13"
"Black","North Tyneside","!"
"Black","South Tyneside","2.61"
"Black","Sunderland","!"
"Black","Isles Of Scilly","N/A"
"Black","Bath and North East Somerset","10.59"
"Black","Bristol City of","8.10"
"Black","North Somerset","6.67"
"Black","South Gloucestershire","7.58"
"Black","Hartlepool","4.55"
"Black","Middlesbrough","5.29"
"Black","Redcar and Cleveland","0.00"
"Black","Stockton-on-Tees","0.86"
"Black","Kingston upon Hull City of","1.36"
"Black","East Riding of Yorkshire","0.00"
"Black","North East Lincolnshire","6.90"
"Black","North Lincolnshire","12.40"
"Black","North Yorkshire","1.96"
"Black","York","3.94"
"Black","Luton","7.08"
"Black","Bedford","3.69"
"Black","Central Bedfordshire","4.04"
"Black","Buckinghamshire","7.75"
"Black","Milton Keynes","3.57"
"Black","Derbyshire","3.58"
"Black","Derby","5.27"
"Black","Dorset","3.39"
"Black","Poole","2.86"
"Black","Bournemouth","5.26"
"Black","Durham","2.11"
"Black","Darlington","0.00"
"Black","East Sussex","5.26"
"Black","Brighton and Hove","5.56"
"Black","Hampshire","3.58"
"Black","Portsmouth","2.49"
"Black","Southampton","5.16"
"Black","Leicestershire","6.57"
"Black","Leicester","4.55"
"Black","Rutland","13.79"
"Black","Staffordshire","5.60"
"Black","Stoke-on-Trent","2.30"
"Black","Wiltshire","2.51"
"Black","Swindon","3.12"
"Black","Bracknell Forest","1.85"
"Black","Windsor and Maidenhead","6.90"
"Black","West Berkshire","5.56"
"Black","Reading","5.95"
"Black","Slough","4.34"
"Black","Wokingham","3.97"
"Black","Cambridgeshire","8.02"
"Black","Peterborough","2.22"
"Black","Halton","0.00"
"Black","Warrington","5.17"
"Black","Devon","1.92"
"Black","Plymouth","1.83"
"Black","Torbay","!"
"Black","Essex","4.34"
"Black","Southend-on-Sea","5.77"
"Black","Thurrock","1.46"
"Black","Herefordshire","!"
"Black","Worcestershire","5.21"
"Black","Kent","4.23"
"Black","Medway","3.33"
"Black","Lancashire","4.98"
"Black","Blackburn with Darwen","2.30"
"Black","Blackpool","7.58"
"Black","Nottinghamshire","5.59"
"Black","Nottingham","5.59"
"Black","Shropshire","4.72"
"Black","Telford and Wrekin","5.02"
"Black","Cheshire East","6.74"
"Black","Cheshire West and Chester","4.22"
"Black","Cornwall","4.69"
"Black","Cumbria","4.55"
"Black","Gloucestershire","7.55"
"Black","Hertfordshire","5.58"
"Black","Isle of Wight","0.00"
"Black","Lincolnshire","4.45"
"Black","Norfolk","4.51"
"Black","Northamptonshire","4.64"
"Black","Northumberland","0.00"
"Black","Oxfordshire","5.99"
"Black","Somerset","1.49"
"Black","Suffolk","3.93"
"Black","Surrey","3.72"
"Black","Warwickshire","2.43"
"Black","West Sussex","5.54"
"Chinese","City of London","0.00"
"Chinese","Camden","0.00"
"Chinese","Greenwich","!"
"Chinese","Hackney","!"
"Chinese","Hammersmith and Fulham","3.80"
"Chinese","Islington","0.00"
"Chinese","Kensington and Chelsea","!"
"Chinese","Lambeth","0.00"
"Chinese","Lewisham","!"
"Chinese","Southwark","!"
"Chinese","Tower Hamlets","!"
"Chinese","Wandsworth","!"
"Chinese","Westminster","!"
"Chinese","Barking and Dagenham","!"
"Chinese","Barnet","!"
"Chinese","Bexley","1.80"
"Chinese","Brent","0.00"
"Chinese","Bromley","0.00"
"Chinese","Croydon","0.00"
"Chinese","Ealing","!"
"Chinese","Enfield","!"
"Chinese","Haringey","0.00"
"Chinese","Harrow","!"
"Chinese","Havering","1.49"
"Chinese","Hillingdon","!"
"Chinese","Hounslow","0.00"
"Chinese","Kingston upon Thames","0.00"
"Chinese","Merton","2.02"
"Chinese","Newham","0.00"
"Chinese","Redbridge","0.00"
"Chinese","Richmond upon Thames","!"
"Chinese","Sutton","!"
"Chinese","Waltham Forest","0.00"
"Chinese","Birmingham","!"
"Chinese","Coventry","!"
"Chinese","Dudley","0.00"
"Chinese","Sandwell","0.00"
"Chinese","Solihull","2.76"
"Chinese","Walsall","!"
"Chinese","Wolverhampton","!"
"Chinese","Knowsley","0.00"
"Chinese","Liverpool","0.63"
"Chinese","St. Helens","0.00"
"Chinese","Sefton","0.00"
"Chinese","Wirral","1.14"
"Chinese","Bolton","2.82"
"Chinese","Bury","2.46"
"Chinese","Manchester","!"
"Chinese","Oldham","0.00"
"Chinese","Rochdale","!"
"Chinese","Salford","0.00"
"Chinese","Stockport","0.00"
"Chinese","Tameside","0.00"
"Chinese","Trafford","!"
"Chinese","Wigan","0.00"
"Chinese","Barnsley","0.00"
"Chinese","Doncaster","2.63"
"Chinese","Rotherham","!"
"Chinese","Sheffield","0.00"
"Chinese","Bradford","0.00"
"Chinese","Calderdale","0.00"
"Chinese","Kirklees","0.00"
"Chinese","Leeds","0.00"
"Chinese","Wakefield","2.78"
"Chinese","Gateshead","0.00"
"Chinese","Newcastle upon Tyne","0.00"
"Chinese","North Tyneside","0.00"
"Chinese","South Tyneside","0.00"
"Chinese","Sunderland","0.00"
"Chinese","Isles Of Scilly","N/A"
"Chinese","Bath and North East Somerset","!"
"Chinese","Bristol City of","1.20"
"Chinese","North Somerset","!"
"Chinese","South Gloucestershire","!"
"Chinese","Hartlepool","0.00"
"Chinese","Middlesbrough","0.00"
"Chinese","Redcar and Cleveland","0.00"
"Chinese","Stockton-on-Tees","0.00"
"Chinese","Kingston upon Hull City of","0.00"
"Chinese","East Riding of Yorkshire","0.00"
"Chinese","North East Lincolnshire","0.00"
"Chinese","North Lincolnshire","0.00"
"Chinese","North Yorkshire","0.00"
"Chinese","York","0.00"
"Chinese","Luton","0.00"
"Chinese","Bedford","0.00"
"Chinese","Central Bedfordshire","0.00"
"Chinese","Buckinghamshire","!"
"Chinese","Milton Keynes","!"
"Chinese","Derbyshire","0.00"
"Chinese","Derby","!"
"Chinese","Dorset","!"
"Chinese","Poole","0.00"
"Chinese","Bournemouth","!"
"Chinese","Durham","0.00"
"Chinese","Darlington","0.00"
"Chinese","East Sussex","2.07"
"Chinese","Brighton and Hove","0.00"
"Chinese","Hampshire","!"
"Chinese","Portsmouth","0.00"
"Chinese","Southampton","0.00"
"Chinese","Leicestershire","0.00"
"Chinese","Leicester","!"
"Chinese","Rutland","0.00"
"Chinese","Staffordshire","0.88"
"Chinese","Stoke-on-Trent","!"
"Chinese","Wiltshire","0.00"
"Chinese","Swindon","0.00"
"Chinese","Bracknell Forest","!"
"Chinese","Windsor and Maidenhead","0.00"
"Chinese","West Berkshire","!"
"Chinese","Reading","!"
"Chinese","Slough","0.00"
"Chinese","Wokingham","0.00"
"Chinese","Cambridgeshire","0.67"
"Chinese","Peterborough","0.00"
"Chinese","Halton","0.00"
"Chinese","Warrington","0.00"
"Chinese","Devon","!"
"Chinese","Plymouth","!"
"Chinese","Torbay","!"
"Chinese","Essex","0.97"
"Chinese","Southend-on-Sea","7.98"
"Chinese","Thurrock","0.00"
"Chinese","Herefordshire","0.00"
"Chinese","Worcestershire","0.00"
"Chinese","Kent","0.37"
"Chinese","Medway","6.29"
"Chinese","Lancashire","0.00"
"Chinese","Blackburn with Darwen","0.00"
"Chinese","Blackpool","!"
"Chinese","Nottinghamshire","!"
"Chinese","Nottingham","0.00"
"Chinese","Shropshire","0.00"
"Chinese","Telford and Wrekin","8.94"
"Chinese","Cheshire East","0.00"
"Chinese","Cheshire West and Chester","0.00"
"Chinese","Cornwall","0.00"
"Chinese","Cumbria","0.00"
"Chinese","Gloucestershire","0.00"
"Chinese","Hertfordshire","!"
"Chinese","Isle of Wight","0.00"
"Chinese","Lincolnshire","!"
"Chinese","Norfolk","1.15"
"Chinese","Northamptonshire","0.00"
"Chinese","Northumberland","0.00"
"Chinese","Oxfordshire","0.86"
"Chinese","Somerset","!"
"Chinese","Suffolk","0.00"
"Chinese","Surrey","1.20"
"Chinese","Warwickshire","0.00"
"Chinese","West Sussex","!"
"Mixed","City of London","6.52"
"Mixed","Camden","5.02"
"Mixed","Greenwich","6.25"
"Mixed","Hackney","6.70"
"Mixed","Hammersmith and Fulham","5.21"
"Mixed","Islington","6.55"
"Mixed","Kensington and Chelsea","5.38"
"Mixed","Lambeth","3.76"
"Mixed","Lewisham","4.57"
"Mixed","Southwark","4.85"
"Mixed","Tower Hamlets","4.02"
"Mixed","Wandsworth","4.25"
"Mixed","Westminster","5.91"
"Mixed","Barking and Dagenham","2.54"
"Mixed","Barnet","4.69"
"Mixed","Bexley","5.41"
"Mixed","Brent","4.90"
"Mixed","Bromley","3.11"
"Mixed","Croydon","4.34"
"Mixed","Ealing","5.12"
"Mixed","Enfield","5.94"
"Mixed","Haringey","4.58"
"Mixed","Harrow","3.36"
"Mixed","Havering","3.51"
"Mixed","Hillingdon","3.03"
"Mixed","Hounslow","5.50"
"Mixed","Kingston upon Thames","2.82"
"Mixed","Merton","4.26"
"Mixed","Newham","6.89"
"Mixed","Redbridge","5.04"
"Mixed","Richmond upon Thames","4.08"
"Mixed","Sutton","3.01"
"Mixed","Waltham Forest","5.38"
"Mixed","Birmingham","6.88"
"Mixed","Coventry","9.89"
"Mixed","Dudley","7.75"
"Mixed","Sandwell","7.98"
"Mixed","Solihull","8.89"
"Mixed","Walsall","6.23"
"Mixed","Wolverhampton","7.06"
"Mixed","Knowsley","3.19"
"Mixed","Liverpool","5.36"
"Mixed","St. Helens","7.00"
"Mixed","Sefton","3.14"
"Mixed","Wirral","4.79"
"Mixed","Bolton","5.88"
"Mixed","Bury","10.56"
"Mixed","Manchester","7.18"
"Mixed","Oldham","6.31"
"Mixed","Rochdale","6.85"
"Mixed","Salford","2.46"
"Mixed","Stockport","6.14"
"Mixed","Tameside","10.08"
"Mixed","Trafford","5.01"
"Mixed","Wigan","3.99"
"Mixed","Barnsley","5.89"
"Mixed","Doncaster","13.99"
"Mixed","Rotherham","9.82"
"Mixed","Sheffield","12.81"
"Mixed","Bradford","5.53"
"Mixed","Calderdale","6.25"
"Mixed","Kirklees","9.88"
"Mixed","Leeds","6.75"
"Mixed","Wakefield","6.33"
"Mixed","Gateshead","2.30"
"Mixed","Newcastle upon Tyne","3.90"
"Mixed","North Tyneside","1.09"
"Mixed","South Tyneside","3.50"
"Mixed","Sunderland","2.23"
"Mixed","Isles Of Scilly","0.00"
"Mixed","Bath and North East Somerset","10.51"
"Mixed","Bristol City of","9.53"
"Mixed","North Somerset","4.10"
"Mixed","South Gloucestershire","9.84"
"Mixed","Hartlepool","6.95"
"Mixed","Middlesbrough","7.87"
"Mixed","Redcar and Cleveland","6.65"
"Mixed","Stockton-on-Tees","4.40"
"Mixed","Kingston upon Hull City of","1.71"
"Mixed","East Riding of Yorkshire","3.08"
"Mixed","North East Lincolnshire","10.10"
"Mixed","North Lincolnshire","3.28"
"Mixed","North Yorkshire","5.04"
"Mixed","York","4.35"
"Mixed","Luton","10.01"
"Mixed","Bedford","6.23"
"Mixed","Central Bedfordshire","6.19"
"Mixed","Buckinghamshire","6.69"
"Mixed","Milton Keynes","5.31"
"Mixed","Derbyshire","4.41"
"Mixed","Derby","6.52"
"Mixed","Dorset","6.66"
"Mixed","Poole","2.42"
"Mixed","Bournemouth","7.90"
"Mixed","Durham","1.86"
"Mixed","Darlington","7.18"
"Mixed","East Sussex","6.62"
"Mixed","Brighton and Hove","5.88"
"Mixed","Hampshire","4.33"
"Mixed","Portsmouth","10.34"
"Mixed","Southampton","4.90"
"Mixed","Leicestershire","4.53"
"Mixed","Leicester","6.22"
"Mixed","Rutland","2.07"
"Mixed","Staffordshire","7.20"
"Mixed","Stoke-on-Trent","10.13"
"Mixed","Wiltshire","6.17"
"Mixed","Swindon","5.87"
"Mixed","Bracknell Forest","6.61"
"Mixed","Windsor and Maidenhead","3.38"
"Mixed","West Berkshire","10.11"
"Mixed","Reading","11.19"
"Mixed","Slough","5.79"
"Mixed","Wokingham","3.86"
"Mixed","Cambridgeshire","5.04"
"Mixed","Peterborough","4.07"
"Mixed","Halton","1.07"
"Mixed","Warrington","1.64"
"Mixed","Devon","6.59"
"Mixed","Plymouth","3.26"
"Mixed","Torbay","6.68"
"Mixed","Essex","4.60"
"Mixed","Southend-on-Sea","4.11"
"Mixed","Thurrock","1.76"
"Mixed","Herefordshire","2.86"
"Mixed","Worcestershire","5.42"
"Mixed","Kent","4.18"
"Mixed","Medway","6.03"
"Mixed","Lancashire","4.62"
"Mixed","Blackburn with Darwen","3.83"
"Mixed","Blackpool","13.09"
"Mixed","Nottinghamshire","6.24"
"Mixed","Nottingham","7.88"
"Mixed","Shropshire","4.01"
"Mixed","Telford and Wrekin","12.33"
"Mixed","Cheshire East","3.08"
"Mixed","Cheshire West and Chester","3.40"
"Mixed","Cornwall","3.41"
"Mixed","Cumbria","3.97"
"Mixed","Gloucestershire","7.82"
"Mixed","Hertfordshire","4.87"
"Mixed","Isle of Wight","4.99"
"Mixed","Lincolnshire","3.43"
"Mixed","Norfolk","5.72"
"Mixed","Northamptonshire","6.66"
"Mixed","Northumberland","4.13"
"Mixed","Oxfordshire","6.19"
"Mixed","Somerset","7.56"
"Mixed","Suffolk","5.37"
"Mixed","Surrey","3.56"
"Mixed","Warwickshire","4.93"
"Mixed","West Sussex","4.60"
"White","City of London","0.00"
"White","Camden","4.19"
"White","Greenwich","6.51"
"White","Hackney","3.65"
"White","Hammersmith and Fulham","3.73"
"White","Islington","5.27"
"White","Kensington and Chelsea","3.52"
"White","Lambeth","1.30"
"White","Lewisham","2.39"
"White","Southwark","2.79"
"White","Tower Hamlets","4.09"
"White","Wandsworth","1.35"
"White","Westminster","2.70"
"White","Barking and Dagenham","2.23"
"White","Barnet","2.79"
"White","Bexley","5.59"
"White","Brent","2.34"
"White","Bromley","2.60"
"White","Croydon","2.92"
"White","Ealing","2.93"
"White","Enfield","4.43"
"White","Haringey","2.46"
"White","Harrow","2.38"
"White","Havering","3.61"
"White","Hillingdon","4.68"
"White","Hounslow","5.56"
"White","Kingston upon Thames","1.51"
"White","Merton","3.77"
"White","Newham","4.64"
"White","Redbridge","2.80"
"White","Richmond upon Thames","2.47"
"White","Sutton","4.08"
"White","Waltham Forest","3.63"
"White","Birmingham","5.04"
"White","Coventry","6.71"
"White","Dudley","4.96"
"White","Sandwell","5.11"
"White","Solihull","4.04"
"White","Walsall","5.13"
"White","Wolverhampton","4.18"
"White","Knowsley","5.87"
"White","Liverpool","4.21"
"White","St. Helens","6.14"
"White","Sefton","2.90"
"White","Wirral","5.08"
"White","Bolton","7.44"
"White","Bury","6.36"
"White","Manchester","7.72"
"White","Oldham","4.98"
"White","Rochdale","5.06"
"White","Salford","4.64"
"White","Stockport","4.29"
"White","Tameside","7.58"
"White","Trafford","2.90"
"White","Wigan","4.08"
"White","Barnsley","17.20"
"White","Doncaster","21.40"
"White","Rotherham","8.42"
"White","Sheffield","9.61"
"White","Bradford","4.22"
"White","Calderdale","5.35"
"White","Kirklees","6.61"
"White","Leeds","6.92"
"White","Wakefield","9.19"
"White","Gateshead","5.38"
"White","Newcastle upon Tyne","4.36"
"White","North Tyneside","2.77"
"White","South Tyneside","3.78"
"White","Sunderland","3.02"
"White","Isles Of Scilly","0.00"
"White","Bath and North East Somerset","5.31"
"White","Bristol City of","9.49"
"White","North Somerset","3.40"
"White","South Gloucestershire","6.01"
"White","Hartlepool","10.15"
"White","Middlesbrough","22.11"
"White","Redcar and Cleveland","11.16"
"White","Stockton-on-Tees","9.21"
"White","Kingston upon Hull City of","3.80"
"White","East Riding of Yorkshire","3.55"
"White","North East Lincolnshire","7.38"
"White","North Lincolnshire","9.36"
"White","North Yorkshire","5.71"
"White","York","3.32"
"White","Luton","6.85"
"White","Bedford","3.38"
"White","Central Bedfordshire","3.84"
"White","Buckinghamshire","3.35"
"White","Milton Keynes","5.88"
"White","Derbyshire","4.48"
"White","Derby","5.60"
"White","Dorset","4.96"
"White","Poole","4.32"
"White","Bournemouth","7.76"
"White","Durham","4.14"
"White","Darlington","8.33"
"White","East Sussex","5.94"
"White","Brighton and Hove","5.79"
"White","Hampshire","4.39"
"White","Portsmouth","7.80"
"White","Southampton","5.02"
"White","Leicestershire","3.18"
"White","Leicester","5.49"
"White","Rutland","1.94"
"White","Staffordshire","4.55"
"White","Stoke-on-Trent","7.11"
"White","Wiltshire","4.10"
"White","Swindon","5.27"
"White","Bracknell Forest","5.18"
"White","Windsor and Maidenhead","3.61"
"White","West Berkshire","4.29"
"White","Reading","5.62"
"White","Slough","4.35"
"White","Wokingham","2.49"
"White","Cambridgeshire","3.76"
"White","Peterborough","4.06"
"White","Halton","4.48"
"White","Warrington","2.59"
"White","Devon","3.99"
"White","Plymouth","4.37"
"White","Torbay","5.97"
"White","Essex","4.07"
"White","Southend-on-Sea","5.74"
"White","Thurrock","2.18"
"White","Herefordshire","3.78"
"White","Worcestershire","3.54"
"White","Kent","4.64"
"White","Medway","7.24"
"White","Lancashire","4.64"
"White","Blackburn with Darwen","3.47"
"White","Blackpool","8.03"
"White","Nottinghamshire","5.55"
"White","Nottingham","8.15"
"White","Shropshire","4.51"
"White","Telford and Wrekin","14.22"
"White","Cheshire East","4.08"
"White","Cheshire West and Chester","2.83"
"White","Cornwall","3.48"
"White","Cumbria","5.29"
"White","Gloucestershire","4.32"
"White","Hertfordshire","4.44"
"White","Isle of Wight","6.15"
"White","Lincolnshire","4.84"
"White","Norfolk","4.74"
"White","Northamptonshire","4.70"
"White","Northumberland","3.96"
"White","Oxfordshire","4.51"
"White","Somerset","7.31"
"White","Suffolk","4.53"
"White","Surrey","3.61"
"White","Warwickshire","3.49"
"White","West Sussex","3.87"
"Other","City of London","0.00"
"Other","Camden","4.11"
"Other","Greenwich","2.18"
"Other","Hackney","3.74"
"Other","Hammersmith and Fulham","4.35"
"Other","Islington","2.24"
"Other","Kensington and Chelsea","5.99"
"Other","Lambeth","1.34"
"Other","Lewisham","1.99"
"Other","Southwark","1.72"
"Other","Tower Hamlets","0.92"
"Other","Wandsworth","2.60"
"Other","Westminster","6.49"
"Other","Barking and Dagenham","1.26"
"Other","Barnet","3.27"
"Other","Bexley","3.35"
"Other","Brent","3.65"
"Other","Bromley","1.46"
"Other","Croydon","2.27"
"Other","Ealing","2.90"
"Other","Enfield","4.46"
"Other","Haringey","3.03"
"Other","Harrow","5.05"
"Other","Havering","5.33"
"Other","Hillingdon","2.25"
"Other","Hounslow","3.27"
"Other","Kingston upon Thames","1.05"
"Other","Merton","1.37"
"Other","Newham","2.79"
"Other","Redbridge","2.58"
"Other","Richmond upon Thames","2.25"
"Other","Sutton","4.11"
"Other","Waltham Forest","3.84"
"Other","Birmingham","2.78"
"Other","Coventry","1.64"
"Other","Dudley","5.08"
"Other","Sandwell","1.70"
"Other","Solihull","4.07"
"Other","Walsall","2.76"
"Other","Wolverhampton","4.68"
"Other","Knowsley","!"
"Other","Liverpool","3.06"
"Other","St. Helens","!"
"Other","Sefton","!"
"Other","Wirral","2.17"
"Other","Bolton","3.55"
"Other","Bury","3.88"
"Other","Manchester","3.56"
"Other","Oldham","3.37"
"Other","Rochdale","2.28"
"Other","Salford","1.43"
"Other","Stockport","4.36"
"Other","Tameside","3.31"
"Other","Trafford","1.77"
"Other","Wigan","!"
"Other","Barnsley","13.28"
"Other","Doncaster","14.83"
"Other","Rotherham","2.27"
"Other","Sheffield","5.55"
"Other","Bradford","1.82"
"Other","Calderdale","2.50"
"Other","Kirklees","8.26"
"Other","Leeds","2.00"
"Other","Wakefield","0.00"
"Other","Gateshead","2.32"
"Other","Newcastle upon Tyne","1.30"
"Other","North Tyneside","4.05"
"Other","South Tyneside","!"
"Other","Sunderland","0.00"
"Other","Isles Of Scilly","N/A"
"Other","Bath and North East Somerset","3.42"
"Other","Bristol City of","3.20"
"Other","North Somerset","0.00"
"Other","South Gloucestershire","2.94"
"Other","Hartlepool","0.00"
"Other","Middlesbrough","3.68"
"Other","Redcar and Cleveland","0.00"
"Other","Stockton-on-Tees","6.61"
"Other","Kingston upon Hull City of","0.93"
"Other","East Riding of Yorkshire","2.51"
"Other","North East Lincolnshire","!"
"Other","North Lincolnshire","12.33"
"Other","North Yorkshire","0.00"
"Other","York","2.05"
"Other","Luton","4.09"
"Other","Bedford","2.45"
"Other","Central Bedfordshire","4.89"
"Other","Buckinghamshire","2.46"
"Other","Milton Keynes","2.14"
"Other","Derbyshire","10.80"
"Other","Derby","2.47"
"Other","Dorset","13.79"
"Other","Poole","0.00"
"Other","Bournemouth","3.86"
"Other","Durham","1.83"
"Other","Darlington","2.88"
"Other","East Sussex","3.88"
"Other","Brighton and Hove","4.20"
"Other","Hampshire","1.69"
"Other","Portsmouth","!"
"Other","Southampton","!"
"Other","Leicestershire","0.84"
"Other","Leicester","0.41"
"Other","Rutland","0.00"
"Other","Staffordshire","2.61"
"Other","Stoke-on-Trent","3.96"
"Other","Wiltshire","4.33"
"Other","Swindon","5.54"
"Other","Bracknell Forest","!"
"Other","Windsor and Maidenhead","3.47"
"Other","West Berkshire","5.52"
"Other","Reading","1.47"
"Other","Slough","1.98"
"Other","Wokingham","!"
"Other","Cambridgeshire","1.16"
"Other","Peterborough","2.61"
"Other","Halton","0.00"
"Other","Warrington","2.05"
"Other","Devon","1.23"
"Other","Plymouth","2.40"
"Other","Torbay","!"
"Other","Essex","1.43"
"Other","Southend-on-Sea","5.83"
"Other","Thurrock","0.00"
"Other","Herefordshire","!"
"Other","Worcestershire","2.14"
"Other","Kent","2.06"
"Other","Medway","1.14"
"Other","Lancashire","1.84"
"Other","Blackburn with Darwen","4.00"
"Other","Blackpool","0.00"
"Other","Nottinghamshire","3.44"
"Other","Nottingham","6.78"
"Other","Shropshire","0.00"
"Other","Telford and Wrekin","0.00"
"Other","Cheshire East","3.60"
"Other","Cheshire West and Chester","!"
"Other","Cornwall","3.78"
"Other","Cumbria","1.56"
"Other","Gloucestershire","1.34"
"Other","Hertfordshire","3.94"
"Other","Isle of Wight","0.00"
"Other","Lincolnshire","1.83"
"Other","Norfolk","0.75"
"Other","Northamptonshire","1.95"
"Other","Northumberland","0.00"
"Other","Oxfordshire","2.22"
"Other","Somerset","1.96"
"Other","Suffolk","1.31"
"Other","Surrey","2.93"
"Other","Warwickshire","2.00"
"Other","West Sussex","5.36"
